/* SQL Migration Script for WhatsApp API and Branch Configurations */

-- ==========================================================
-- 1. MIGRACIÓN DE SEDES A 'starfi.sede' Y 'starfi.empresa_perfil'
-- ==========================================================

INSERT INTO starfi.sede (id, descripcion, token, status) VALUES (1, 'SUPERFORMICA, C.A', 'd4304e147c7c8056ef30d4b6b77f4f555f58a11f0922bb1e4b6243ba1d4173b2', '[ACTIVO]') ON DUPLICATE KEY UPDATE descripcion = 'SUPERFORMICA, C.A', token = 'd4304e147c7c8056ef30d4b6b77f4f555f58a11f0922bb1e4b6243ba1d4173b2', status = '[ACTIVO]';
INSERT INTO starfi.empresa_perfil (id_sede, razon_social, letra, rif, email, telefono, direccion, condicion) VALUES (1, 'SUPERFORMICA, C.A', 'J', '411047112', '', '04242787672', 'PLAZA VENEZUELA', 'Activa') ON DUPLICATE KEY UPDATE razon_social = 'SUPERFORMICA, C.A', rif = '411047112', email = '', telefono = '04242787672', direccion = 'PLAZA VENEZUELA';
INSERT INTO starfi.sede (id, descripcion, token, status) VALUES (2, 'C.E LOS TEQUES', '8cc84544423054f1aadc303e3be157eb80694aa1812687439060e38c76d62f4e', '[INACTIVO]') ON DUPLICATE KEY UPDATE descripcion = 'C.E LOS TEQUES', token = '8cc84544423054f1aadc303e3be157eb80694aa1812687439060e38c76d62f4e', status = '[INACTIVO]';
INSERT INTO starfi.empresa_perfil (id_sede, razon_social, letra, rif, email, telefono, direccion, condicion) VALUES (2, 'C.E LOS TEQUES', 'J', '1123456789', '', '', 'LOS TEQUES', 'Activa') ON DUPLICATE KEY UPDATE razon_social = 'C.E LOS TEQUES', rif = '1123456789', email = '', telefono = '', direccion = 'LOS TEQUES';
INSERT INTO starfi.sede (id, descripcion, token, status) VALUES (3, 'C.E SAN ANTONIO', '067c556d701b1e6e5025611f729982d9579216bdb05e2e55848a089888aabae2', '[INACTIVO]') ON DUPLICATE KEY UPDATE descripcion = 'C.E SAN ANTONIO', token = '067c556d701b1e6e5025611f729982d9579216bdb05e2e55848a089888aabae2', status = '[INACTIVO]';
INSERT INTO starfi.empresa_perfil (id_sede, razon_social, letra, rif, email, telefono, direccion, condicion) VALUES (3, 'C.E SAN ANTONIO', 'J', '1123456789', '', '', 'SAN ANTONIO', 'Activa') ON DUPLICATE KEY UPDATE razon_social = 'C.E SAN ANTONIO', rif = '1123456789', email = '', telefono = '', direccion = 'SAN ANTONIO';
INSERT INTO starfi.sede (id, descripcion, token, status) VALUES (4, 'C.E CASANOVA', '7eed07e14e29dffc282ee8cbf0d4a7c02323d77e307bfe8268944579cfd19bca', '[INACTIVO]') ON DUPLICATE KEY UPDATE descripcion = 'C.E CASANOVA', token = '7eed07e14e29dffc282ee8cbf0d4a7c02323d77e307bfe8268944579cfd19bca', status = '[INACTIVO]';
INSERT INTO starfi.empresa_perfil (id_sede, razon_social, letra, rif, email, telefono, direccion, condicion) VALUES (4, 'C.E CASANOVA', 'J', '1123456789', '', '', 'AV CASANOVA', 'Activa') ON DUPLICATE KEY UPDATE razon_social = 'C.E CASANOVA', rif = '1123456789', email = '', telefono = '', direccion = 'AV CASANOVA';
INSERT INTO starfi.sede (id, descripcion, token, status) VALUES (5, 'C.E MARICHE', '5f6669d22c1fa71922fdac6ec670de3a2dc62e40788cc063eecb902dd8b86694', '[INACTIVO]') ON DUPLICATE KEY UPDATE descripcion = 'C.E MARICHE', token = '5f6669d22c1fa71922fdac6ec670de3a2dc62e40788cc063eecb902dd8b86694', status = '[INACTIVO]';
INSERT INTO starfi.empresa_perfil (id_sede, razon_social, letra, rif, email, telefono, direccion, condicion) VALUES (5, 'C.E MARICHE', 'J', '1123456789', '', '', 'MARICHE', 'Activa') ON DUPLICATE KEY UPDATE razon_social = 'C.E MARICHE', rif = '1123456789', email = '', telefono = '', direccion = 'MARICHE';
INSERT INTO starfi.sede (id, descripcion, token, status) VALUES (6, 'C.E LAS MINAS', 'b3432427e8cd7c17c41627ba083d8db2c3bc5e7bbe9a9af25f44e5acf4ab2680', '[INACTIVO]') ON DUPLICATE KEY UPDATE descripcion = 'C.E LAS MINAS', token = 'b3432427e8cd7c17c41627ba083d8db2c3bc5e7bbe9a9af25f44e5acf4ab2680', status = '[INACTIVO]';
INSERT INTO starfi.empresa_perfil (id_sede, razon_social, letra, rif, email, telefono, direccion, condicion) VALUES (6, 'C.E LAS MINAS', 'J', '411047116', '', '', 'MINAS DE BARUTA', 'Activa') ON DUPLICATE KEY UPDATE razon_social = 'C.E LAS MINAS', rif = '411047116', email = '', telefono = '', direccion = 'MINAS DE BARUTA';
INSERT INTO starfi.sede (id, descripcion, token, status) VALUES (7, 'C.E SAN PEDRO', '10c7bd511e830e0f035d36a38c4ede984b9eef3dfd391e3f5ab82c407a3544a8', '[INACTIVO]') ON DUPLICATE KEY UPDATE descripcion = 'C.E SAN PEDRO', token = '10c7bd511e830e0f035d36a38c4ede984b9eef3dfd391e3f5ab82c407a3544a8', status = '[INACTIVO]';
INSERT INTO starfi.empresa_perfil (id_sede, razon_social, letra, rif, email, telefono, direccion, condicion) VALUES (7, 'C.E SAN PEDRO', 'J', '1123456789', '', '', 'SAN PEDRO', 'Activa') ON DUPLICATE KEY UPDATE razon_social = 'C.E SAN PEDRO', rif = '1123456789', email = '', telefono = '', direccion = 'SAN PEDRO';
INSERT INTO starfi.sede (id, descripcion, token, status) VALUES (8, 'P.E MARICHE', '7535f2e17f6328ebcf70691146eeca9266b03a140d6c9de6807ce0f2bf810b1c', '[ACTIVO]') ON DUPLICATE KEY UPDATE descripcion = 'P.E MARICHE', token = '7535f2e17f6328ebcf70691146eeca9266b03a140d6c9de6807ce0f2bf810b1c', status = '[ACTIVO]';
INSERT INTO starfi.empresa_perfil (id_sede, razon_social, letra, rif, email, telefono, direccion, condicion) VALUES (8, 'P.E MARICHE', 'J', '1123456789', '', '', 'MARICHE', 'Activa') ON DUPLICATE KEY UPDATE razon_social = 'P.E MARICHE', rif = '1123456789', email = '', telefono = '', direccion = 'MARICHE';
INSERT INTO starfi.sede (id, descripcion, token, status) VALUES (9, 'DECOGAMA SHOP', '7d6b003752bada2e0bac424a7c9177ef769cff518e134180f303d120957f4679', '[INACTIVO]') ON DUPLICATE KEY UPDATE descripcion = 'DECOGAMA SHOP', token = '7d6b003752bada2e0bac424a7c9177ef769cff518e134180f303d120957f4679', status = '[INACTIVO]';
INSERT INTO starfi.empresa_perfil (id_sede, razon_social, letra, rif, email, telefono, direccion, condicion) VALUES (9, 'DECOGAMA SHOP', 'J', '1123456789', '', '', 'PZA VZLA', 'Activa') ON DUPLICATE KEY UPDATE razon_social = 'DECOGAMA SHOP', rif = '1123456789', email = '', telefono = '', direccion = 'PZA VZLA';
INSERT INTO starfi.sede (id, descripcion, token, status) VALUES (10, 'DECOHOME', 'a2f750845171698510656d7c2ae75dd97993cf127db37c7b991891d83ca2ea96', '[INACTIVO]') ON DUPLICATE KEY UPDATE descripcion = 'DECOHOME', token = 'a2f750845171698510656d7c2ae75dd97993cf127db37c7b991891d83ca2ea96', status = '[INACTIVO]';
INSERT INTO starfi.empresa_perfil (id_sede, razon_social, letra, rif, email, telefono, direccion, condicion) VALUES (10, 'DECOHOME', 'J', '1123456789', '', '', 'LA YAGUARA', 'Activa') ON DUPLICATE KEY UPDATE razon_social = 'DECOHOME', rif = '1123456789', email = '', telefono = '', direccion = 'LA YAGUARA';
INSERT INTO starfi.sede (id, descripcion, token, status) VALUES (11, 'C.E PRADO DE MARIA', '961c954c429ffc9effc15c7d2f4a215a9a7099117062b9cff67658275e60a7a9', '[INACTIVO]') ON DUPLICATE KEY UPDATE descripcion = 'C.E PRADO DE MARIA', token = '961c954c429ffc9effc15c7d2f4a215a9a7099117062b9cff67658275e60a7a9', status = '[INACTIVO]';
INSERT INTO starfi.empresa_perfil (id_sede, razon_social, letra, rif, email, telefono, direccion, condicion) VALUES (11, 'C.E PRADO DE MARIA', 'J', '112345678989', '', '', 'EL CEMENTERIO', 'Activa') ON DUPLICATE KEY UPDATE razon_social = 'C.E PRADO DE MARIA', rif = '112345678989', email = '', telefono = '', direccion = 'EL CEMENTERIO';
INSERT INTO starfi.sede (id, descripcion, token, status) VALUES (12, 'COLTEXMAS', '8560d786bd18937992620b2abe7937d5093ab8e362bf3c50ca7ea85d3a67453b', '[INACTIVO]') ON DUPLICATE KEY UPDATE descripcion = 'COLTEXMAS', token = '8560d786bd18937992620b2abe7937d5093ab8e362bf3c50ca7ea85d3a67453b', status = '[INACTIVO]';
INSERT INTO starfi.empresa_perfil (id_sede, razon_social, letra, rif, email, telefono, direccion, condicion) VALUES (12, 'COLTEXMAS', 'J', '1123456789', '', '', 'LA YAGUARA', 'Activa') ON DUPLICATE KEY UPDATE razon_social = 'COLTEXMAS', rif = '1123456789', email = '', telefono = '', direccion = 'LA YAGUARA';
INSERT INTO starfi.sede (id, descripcion, token, status) VALUES (13, 'INGCO MARICHE', '898900743d34a824bafc8cd0c03592e7557d9d0ecbae543ac8d5f21b3f680e80', '[INACTIVO]') ON DUPLICATE KEY UPDATE descripcion = 'INGCO MARICHE', token = '898900743d34a824bafc8cd0c03592e7557d9d0ecbae543ac8d5f21b3f680e80', status = '[INACTIVO]';
INSERT INTO starfi.empresa_perfil (id_sede, razon_social, letra, rif, email, telefono, direccion, condicion) VALUES (13, 'INGCO MARICHE', 'J', '1123456789', '', '', 'MARICHE', 'Activa') ON DUPLICATE KEY UPDATE razon_social = 'INGCO MARICHE', rif = '1123456789', email = '', telefono = '', direccion = 'MARICHE';
INSERT INTO starfi.sede (id, descripcion, token, status) VALUES (14, 'VENASYCON', 'f91d0817b7861af2894c9494f4d484d6410956e26aaa22d772ede11084c86c00', '[ACTIVO]') ON DUPLICATE KEY UPDATE descripcion = 'VENASYCON', token = 'f91d0817b7861af2894c9494f4d484d6410956e26aaa22d772ede11084c86c00', status = '[ACTIVO]';
INSERT INTO starfi.empresa_perfil (id_sede, razon_social, letra, rif, email, telefono, direccion, condicion) VALUES (14, 'VENASYCON', 'J', '1123456789', '', '', 'EL LLANITO', 'Activa') ON DUPLICATE KEY UPDATE razon_social = 'VENASYCON', rif = '1123456789', email = '', telefono = '', direccion = 'EL LLANITO';
INSERT INTO starfi.sede (id, descripcion, token, status) VALUES (15, 'MADETEK 2023 CA', '876350aeb378b4429dd158b031564cc0fdaa845adda5b70c6be8092b09128fff', '[ACTIVO]') ON DUPLICATE KEY UPDATE descripcion = 'MADETEK 2023 CA', token = '876350aeb378b4429dd158b031564cc0fdaa845adda5b70c6be8092b09128fff', status = '[ACTIVO]';
INSERT INTO starfi.empresa_perfil (id_sede, razon_social, letra, rif, email, telefono, direccion, condicion) VALUES (15, 'MADETEK 2023 CA', 'J', '502763228', '', '', 'CARRIZAL', 'Activa') ON DUPLICATE KEY UPDATE razon_social = 'MADETEK 2023 CA', rif = '502763228', email = '', telefono = '', direccion = 'CARRIZAL';
INSERT INTO starfi.sede (id, descripcion, token, status) VALUES (16, 'LAMINADOS JR', '0c64c5f8c7ab856c81a9cff637c50b7b2450abfaaac07b29e856d15c25f42f30', '[INACTIVO]') ON DUPLICATE KEY UPDATE descripcion = 'LAMINADOS JR', token = '0c64c5f8c7ab856c81a9cff637c50b7b2450abfaaac07b29e856d15c25f42f30', status = '[INACTIVO]';
INSERT INTO starfi.empresa_perfil (id_sede, razon_social, letra, rif, email, telefono, direccion, condicion) VALUES (16, 'LAMINADOS JR', 'J', '412726412', '', '4142985336', 'ALTAMIRA', 'Activa') ON DUPLICATE KEY UPDATE razon_social = 'LAMINADOS JR', rif = '412726412', email = '', telefono = '4142985336', direccion = 'ALTAMIRA';
INSERT INTO starfi.sede (id, descripcion, token, status) VALUES (17, 'C.E LA GUAIRA', 'cc28c3058ae0d1b49dcd5c44d68b2e454462c6b38fdf62a2a84bb3d1c4dc4a21', '[INACTIVO]') ON DUPLICATE KEY UPDATE descripcion = 'C.E LA GUAIRA', token = 'cc28c3058ae0d1b49dcd5c44d68b2e454462c6b38fdf62a2a84bb3d1c4dc4a21', status = '[INACTIVO]';
INSERT INTO starfi.empresa_perfil (id_sede, razon_social, letra, rif, email, telefono, direccion, condicion) VALUES (17, 'C.E LA GUAIRA', 'J', '506852802', '', '', 'LA GUAIRA', 'Activa') ON DUPLICATE KEY UPDATE razon_social = 'C.E LA GUAIRA', rif = '506852802', email = '', telefono = '', direccion = 'LA GUAIRA';
INSERT INTO starfi.sede (id, descripcion, token, status) VALUES (18, 'MAYOR CARPINTERO', '3188b03ae29e12ca31a1507ac1d58a2ac5df0c93cc698f0fd217920c72fb3920', '[ACTIVO]') ON DUPLICATE KEY UPDATE descripcion = 'MAYOR CARPINTERO', token = '3188b03ae29e12ca31a1507ac1d58a2ac5df0c93cc698f0fd217920c72fb3920', status = '[ACTIVO]';
INSERT INTO starfi.empresa_perfil (id_sede, razon_social, letra, rif, email, telefono, direccion, condicion) VALUES (18, 'MAYOR CARPINTERO', 'J', '1123456789', '', '', 'LOS TEQUES', 'Activa') ON DUPLICATE KEY UPDATE razon_social = 'MAYOR CARPINTERO', rif = '1123456789', email = '', telefono = '', direccion = 'LOS TEQUES';
INSERT INTO starfi.sede (id, descripcion, token, status) VALUES (19, 'C.E PARQUE CENTRAL', 'b50b70b6562802e5c298b9a5624507195e7e57b2023a89213155952a85206357', '[INACTIVO]') ON DUPLICATE KEY UPDATE descripcion = 'C.E PARQUE CENTRAL', token = 'b50b70b6562802e5c298b9a5624507195e7e57b2023a89213155952a85206357', status = '[INACTIVO]';
INSERT INTO starfi.empresa_perfil (id_sede, razon_social, letra, rif, email, telefono, direccion, condicion) VALUES (19, 'C.E PARQUE CENTRAL', 'J', '1123456789', '', '', 'PARQUE CENTRAL', 'Activa') ON DUPLICATE KEY UPDATE razon_social = 'C.E PARQUE CENTRAL', rif = '1123456789', email = '', telefono = '', direccion = 'PARQUE CENTRAL';
INSERT INTO starfi.sede (id, descripcion, token, status) VALUES (20, 'Duplicado', '4aa74598fda7e92c6356229da791f4d6bb743756aa0b8ad548257c7fb30716cb', '[INACTIVO]') ON DUPLICATE KEY UPDATE descripcion = 'Duplicado', token = '4aa74598fda7e92c6356229da791f4d6bb743756aa0b8ad548257c7fb30716cb', status = '[INACTIVO]';
INSERT INTO starfi.empresa_perfil (id_sede, razon_social, letra, rif, email, telefono, direccion, condicion) VALUES (20, 'Duplicado', 'J', 'J-88816983-5', '', '', '', 'Activa') ON DUPLICATE KEY UPDATE razon_social = 'Duplicado', rif = 'J-88816983-5', email = '', telefono = '', direccion = '';
INSERT INTO starfi.sede (id, descripcion, token, status) VALUES (22, 'Duplicado', '3650623830f037424ae47e961d0a7bca25ad1e201427f7de6d9c3eb9ef4ea072', '[INACTIVO]') ON DUPLICATE KEY UPDATE descripcion = 'Duplicado', token = '3650623830f037424ae47e961d0a7bca25ad1e201427f7de6d9c3eb9ef4ea072', status = '[INACTIVO]';
INSERT INTO starfi.empresa_perfil (id_sede, razon_social, letra, rif, email, telefono, direccion, condicion) VALUES (22, 'Duplicado', 'J', 'J-77526194-0', '', '', '', 'Activa') ON DUPLICATE KEY UPDATE razon_social = 'Duplicado', rif = 'J-77526194-0', email = '', telefono = '', direccion = '';
INSERT INTO starfi.sede (id, descripcion, token, status) VALUES (23, 'MADEPEG', 'adfe3e0937e268c21014a374cb7613fb2d2a61b4205ba85a8f5f304eceda0e8b', '[ACTIVO]') ON DUPLICATE KEY UPDATE descripcion = 'MADEPEG', token = 'adfe3e0937e268c21014a374cb7613fb2d2a61b4205ba85a8f5f304eceda0e8b', status = '[ACTIVO]';
INSERT INTO starfi.empresa_perfil (id_sede, razon_social, letra, rif, email, telefono, direccion, condicion) VALUES (23, 'MADEPEG', 'J', '12512515SDS', '', '', '', 'Activa') ON DUPLICATE KEY UPDATE razon_social = 'MADEPEG', rif = '12512515SDS', email = '', telefono = '', direccion = '';

-- ==========================================================
-- 2. CONFIGURACIÓN WHATSAPP EN 'starfi_ventas.config_api_wsap'
-- ==========================================================

INSERT INTO starfi_ventas.config_api_wsap (id_sede, api_url, token, instance_id, phone_number, group_id, template_name, plantilla, max_chars, moneda) VALUES (1, 'https://api.starficloud.com/api_starfi_wsap/api_documentos_sede/api_enviar_documento.php', 'd4304e147c7c8056ef30d4b6b77f4f555f58a11f0922bb1e4b6243ba1d4173b2', 'TU_INSTANCE_ID', '04242787672', '', 'send_confirmacion_compra_cn_sn_btn', 'send_confirmacion_compra_cn_sn_btn', 900, 'USD') ON DUPLICATE KEY UPDATE api_url = 'https://api.starficloud.com/api_starfi_wsap/api_documentos_sede/api_enviar_documento.php', token = 'd4304e147c7c8056ef30d4b6b77f4f555f58a11f0922bb1e4b6243ba1d4173b2', phone_number = '04242787672';
INSERT INTO starfi_ventas.config_api_wsap (id_sede, api_url, token, instance_id, phone_number, group_id, template_name, plantilla, max_chars, moneda) VALUES (6, 'https://api.starficloud.com/api_starfi_wsap/api_documentos_sede/api_enviar_documento.php', 'b3432427e8cd7c17c41627ba083d8db2c3bc5e7bbe9a9af25f44e5acf4ab2680', 'TU_INSTANCE_ID', '4143903988', '', 'send_confirmacion_compra_cn_sn_btn', 'send_confirmacion_compra_cn_sn_btn', 900, 'USD') ON DUPLICATE KEY UPDATE api_url = 'https://api.starficloud.com/api_starfi_wsap/api_documentos_sede/api_enviar_documento.php', token = 'b3432427e8cd7c17c41627ba083d8db2c3bc5e7bbe9a9af25f44e5acf4ab2680', phone_number = '4143903988';
INSERT INTO starfi_ventas.config_api_wsap (id_sede, api_url, token, instance_id, phone_number, group_id, template_name, plantilla, max_chars, moneda) VALUES (16, 'https://api.starficloud.com/api_starfi_wsap/api_documentos_sede/api_enviar_documento.php', '0c64c5f8c7ab856c81a9cff637c50b7b2450abfaaac07b29e856d15c25f42f30', 'TU_INSTANCE_ID', '4142985336', '', 'send_confirmacion_compra_cn_sn_btn', 'send_confirmacion_compra_cn_sn_btn', 900, 'USD') ON DUPLICATE KEY UPDATE api_url = 'https://api.starficloud.com/api_starfi_wsap/api_documentos_sede/api_enviar_documento.php', token = '0c64c5f8c7ab856c81a9cff637c50b7b2450abfaaac07b29e856d15c25f42f30', phone_number = '4142985336';
INSERT INTO starfi_ventas.config_api_wsap (id_sede, api_url, token, instance_id, phone_number, group_id, template_name, plantilla, max_chars, moneda) VALUES (19, 'https://api.starficloud.com/api_starfi_wsap/api_documentos_sede/api_enviar_documento.php', '6db2358095d505d6eec5202ca8d2aecd38ff8ca9a1ed8f982be1fdf16f021396', 'TU_INSTANCE_ID', '4142985369', '', 'send_confirmacion_compra_cn_sn_btn', 'send_confirmacion_compra_cn_sn_btn', 900, 'USD') ON DUPLICATE KEY UPDATE api_url = 'https://api.starficloud.com/api_starfi_wsap/api_documentos_sede/api_enviar_documento.php', token = '6db2358095d505d6eec5202ca8d2aecd38ff8ca9a1ed8f982be1fdf16f021396', phone_number = '4142985369';
INSERT INTO starfi_ventas.config_api_wsap (id_sede, api_url, token, instance_id, phone_number, group_id, template_name, plantilla, max_chars, moneda) VALUES (15, 'https://api.starficloud.com/api_starfi_wsap/api_documentos_sede/api_enviar_documento.php', '', 'TU_INSTANCE_ID', '4143903538', '', 'send_confirmacion_compra_cn_sn_btn', 'send_confirmacion_compra_cn_sn_btn', 900, 'USD') ON DUPLICATE KEY UPDATE api_url = 'https://api.starficloud.com/api_starfi_wsap/api_documentos_sede/api_enviar_documento.php', token = '', phone_number = '4143903538';
INSERT INTO starfi_ventas.config_api_wsap (id_sede, api_url, token, instance_id, phone_number, group_id, template_name, plantilla, max_chars, moneda) VALUES (17, 'https://api.starficloud.com/api_starfi_wsap/api_documentos_sede/api_enviar_documento.php', '', 'TU_INSTANCE_ID', '4143903556', '', 'send_confirmacion_compra_cn_sn_btn', 'send_confirmacion_compra_cn_sn_btn', 900, 'USD') ON DUPLICATE KEY UPDATE api_url = 'https://api.starficloud.com/api_starfi_wsap/api_documentos_sede/api_enviar_documento.php', token = '', phone_number = '4143903556';
INSERT INTO starfi_ventas.config_api_wsap (id_sede, api_url, token, instance_id, phone_number, group_id, template_name, plantilla, max_chars, moneda) VALUES (2, 'https://api.starficloud.com/api_starfi_wsap/api_documentos_sede/api_enviar_documento.php', '', 'TU_INSTANCE_ID', '4143903985', '', 'send_confirmacion_compra_cn_sn_btn', 'send_confirmacion_compra_cn_sn_btn', 900, 'USD') ON DUPLICATE KEY UPDATE api_url = 'https://api.starficloud.com/api_starfi_wsap/api_documentos_sede/api_enviar_documento.php', token = '', phone_number = '4143903985';
INSERT INTO starfi_ventas.config_api_wsap (id_sede, api_url, token, instance_id, phone_number, group_id, template_name, plantilla, max_chars, moneda) VALUES (5, 'https://api.starficloud.com/api_starfi_wsap/api_documentos_sede/api_enviar_documento.php', '', 'TU_INSTANCE_ID', '4143903379', '', 'send_confirmacion_compra_cn_sn_btn', 'send_confirmacion_compra_cn_sn_btn', 900, 'USD') ON DUPLICATE KEY UPDATE api_url = 'https://api.starficloud.com/api_starfi_wsap/api_documentos_sede/api_enviar_documento.php', token = '', phone_number = '4143903379';
INSERT INTO starfi_ventas.config_api_wsap (id_sede, api_url, token, instance_id, phone_number, group_id, template_name, plantilla, max_chars, moneda) VALUES (7, 'https://api.starficloud.com/api_starfi_wsap/api_documentos_sede/api_enviar_documento.php', '', 'TU_INSTANCE_ID', '4143903510', '', 'send_confirmacion_compra_cn_sn_btn', 'send_confirmacion_compra_cn_sn_btn', 900, 'USD') ON DUPLICATE KEY UPDATE api_url = 'https://api.starficloud.com/api_starfi_wsap/api_documentos_sede/api_enviar_documento.php', token = '', phone_number = '4143903510';
INSERT INTO starfi_ventas.config_api_wsap (id_sede, api_url, token, instance_id, phone_number, group_id, template_name, plantilla, max_chars, moneda) VALUES (3, 'https://api.starficloud.com/api_starfi_wsap/api_documentos_sede/api_enviar_documento.php', '', 'TU_INSTANCE_ID', '4143903507', '', 'send_confirmacion_compra_cn_sn_btn', 'send_confirmacion_compra_cn_sn_btn', 900, 'USD') ON DUPLICATE KEY UPDATE api_url = 'https://api.starficloud.com/api_starfi_wsap/api_documentos_sede/api_enviar_documento.php', token = '', phone_number = '4143903507';
INSERT INTO starfi_ventas.config_api_wsap (id_sede, api_url, token, instance_id, phone_number, group_id, template_name, plantilla, max_chars, moneda) VALUES (18, 'https://api.starficloud.com/api_starfi_wsap/api_documentos_sede/api_enviar_documento.php', '', 'TU_INSTANCE_ID', '4142985463', '', 'send_confirmacion_compra_cn_sn_btn', 'send_confirmacion_compra_cn_sn_btn', 900, 'USD') ON DUPLICATE KEY UPDATE api_url = 'https://api.starficloud.com/api_starfi_wsap/api_documentos_sede/api_enviar_documento.php', token = '', phone_number = '4142985463';
INSERT INTO starfi_ventas.config_api_wsap (id_sede, api_url, token, instance_id, phone_number, group_id, template_name, plantilla, max_chars, moneda) VALUES (11, 'https://api.starficloud.com/api_starfi_wsap/api_documentos_sede/api_enviar_documento.php', '', 'TU_INSTANCE_ID', ' 4143309738', '', 'send_confirmacion_compra_cn_sn_btn', 'send_confirmacion_compra_cn_sn_btn', 900, 'USD') ON DUPLICATE KEY UPDATE api_url = 'https://api.starficloud.com/api_starfi_wsap/api_documentos_sede/api_enviar_documento.php', token = '', phone_number = ' 4143309738';
INSERT INTO starfi_ventas.config_api_wsap (id_sede, api_url, token, instance_id, phone_number, group_id, template_name, plantilla, max_chars, moneda) VALUES (23, 'https://api.starficloud.com/api_starfi_wsap/api_documentos_sede/api_enviar_documento.php', '', 'TU_INSTANCE_ID', '4143309792', '', 'send_confirmacion_compra_cn_sn_btn', 'send_confirmacion_compra_cn_sn_btn', 900, 'USD') ON DUPLICATE KEY UPDATE api_url = 'https://api.starficloud.com/api_starfi_wsap/api_documentos_sede/api_enviar_documento.php', token = '', phone_number = '4143309792';

-- ==========================================================
-- 3. PLANTILLAS WHATSAPP EN 'starfi_ventas.config_api_wsap_plantillas'
-- ==========================================================

INSERT INTO starfi_ventas.config_api_wsap_plantillas (id_sede, modulo, plantilla) VALUES (1, 'VENTAS', 'confirmacion_de_compra_cn') ON DUPLICATE KEY UPDATE plantilla = 'confirmacion_de_compra_cn';
INSERT INTO starfi_ventas.config_api_wsap_plantillas (id_sede, modulo, plantilla) VALUES (1, 'NOTAS', 'nota_emitida') ON DUPLICATE KEY UPDATE plantilla = 'nota_emitida';
INSERT INTO starfi_ventas.config_api_wsap_plantillas (id_sede, modulo, plantilla) VALUES (1, 'NOTAS', 'factura_emitida') ON DUPLICATE KEY UPDATE plantilla = 'factura_emitida';
INSERT INTO starfi_ventas.config_api_wsap_plantillas (id_sede, modulo, plantilla) VALUES (1, 'VENTAS', 'confirmacion_de_compra_sn') ON DUPLICATE KEY UPDATE plantilla = 'confirmacion_de_compra_sn';
INSERT INTO starfi_ventas.config_api_wsap_plantillas (id_sede, modulo, plantilla) VALUES (1, 'VENTAS', 'confirmacion_de_compra') ON DUPLICATE KEY UPDATE plantilla = 'confirmacion_de_compra';
INSERT INTO starfi_ventas.config_api_wsap_plantillas (id_sede, modulo, plantilla) VALUES (1, 'VENTAS', 'bienvenida') ON DUPLICATE KEY UPDATE plantilla = 'bienvenida';
INSERT INTO starfi_ventas.config_api_wsap_plantillas (id_sede, modulo, plantilla) VALUES (6, 'VENTAS', 'send_confirmacion_compra_cn_sn_btn') ON DUPLICATE KEY UPDATE plantilla = 'send_confirmacion_compra_cn_sn_btn';
INSERT INTO starfi_ventas.config_api_wsap_plantillas (id_sede, modulo, plantilla) VALUES (6, 'VENTAS', 'hello_world') ON DUPLICATE KEY UPDATE plantilla = 'hello_world';
INSERT INTO starfi_ventas.config_api_wsap_plantillas (id_sede, modulo, plantilla) VALUES (1, 'VENTAS', 'cierre_de_caja') ON DUPLICATE KEY UPDATE plantilla = 'cierre_de_caja';
INSERT INTO starfi_ventas.config_api_wsap_plantillas (id_sede, modulo, plantilla) VALUES (1, 'VENTAS', 'cierre_caja_pdf') ON DUPLICATE KEY UPDATE plantilla = 'cierre_caja_pdf';
INSERT INTO starfi_ventas.config_api_wsap_plantillas (id_sede, modulo, plantilla) VALUES (19, 'VENTAS', 'hello_world') ON DUPLICATE KEY UPDATE plantilla = 'hello_world';
INSERT INTO starfi_ventas.config_api_wsap_plantillas (id_sede, modulo, plantilla) VALUES (16, 'VENTAS', 'hello_world') ON DUPLICATE KEY UPDATE plantilla = 'hello_world';
INSERT INTO starfi_ventas.config_api_wsap_plantillas (id_sede, modulo, plantilla) VALUES (16, 'VENTAS', 'send_confirmacion_compra_cn_sn_btn') ON DUPLICATE KEY UPDATE plantilla = 'send_confirmacion_compra_cn_sn_btn';
INSERT INTO starfi_ventas.config_api_wsap_plantillas (id_sede, modulo, plantilla) VALUES (15, 'VENTAS', 'hello_world') ON DUPLICATE KEY UPDATE plantilla = 'hello_world';
INSERT INTO starfi_ventas.config_api_wsap_plantillas (id_sede, modulo, plantilla) VALUES (15, 'VENTAS', 'send_confirmacion_compra_cn_sn_btn') ON DUPLICATE KEY UPDATE plantilla = 'send_confirmacion_compra_cn_sn_btn';
INSERT INTO starfi_ventas.config_api_wsap_plantillas (id_sede, modulo, plantilla) VALUES (17, 'VENTAS', 'send_confirmacion_compra_cn_sn_btn') ON DUPLICATE KEY UPDATE plantilla = 'send_confirmacion_compra_cn_sn_btn';
INSERT INTO starfi_ventas.config_api_wsap_plantillas (id_sede, modulo, plantilla) VALUES (17, 'VENTAS', 'hello_world') ON DUPLICATE KEY UPDATE plantilla = 'hello_world';
INSERT INTO starfi_ventas.config_api_wsap_plantillas (id_sede, modulo, plantilla) VALUES (2, 'VENTAS', 'send_confirmacion_compra_cn_sn_btn') ON DUPLICATE KEY UPDATE plantilla = 'send_confirmacion_compra_cn_sn_btn';
INSERT INTO starfi_ventas.config_api_wsap_plantillas (id_sede, modulo, plantilla) VALUES (2, 'VENTAS', 'hello_world') ON DUPLICATE KEY UPDATE plantilla = 'hello_world';
INSERT INTO starfi_ventas.config_api_wsap_plantillas (id_sede, modulo, plantilla) VALUES (5, 'VENTAS', 'send_confirmacion_compra_cn_sn_btn') ON DUPLICATE KEY UPDATE plantilla = 'send_confirmacion_compra_cn_sn_btn';
INSERT INTO starfi_ventas.config_api_wsap_plantillas (id_sede, modulo, plantilla) VALUES (5, 'VENTAS', 'hello_world') ON DUPLICATE KEY UPDATE plantilla = 'hello_world';
INSERT INTO starfi_ventas.config_api_wsap_plantillas (id_sede, modulo, plantilla) VALUES (7, 'VENTAS', 'send_confirmacion_compra_cn_sn_btn') ON DUPLICATE KEY UPDATE plantilla = 'send_confirmacion_compra_cn_sn_btn';
INSERT INTO starfi_ventas.config_api_wsap_plantillas (id_sede, modulo, plantilla) VALUES (7, 'VENTAS', 'hello_world') ON DUPLICATE KEY UPDATE plantilla = 'hello_world';
INSERT INTO starfi_ventas.config_api_wsap_plantillas (id_sede, modulo, plantilla) VALUES (3, 'VENTAS', 'send_confirmacion_compra_cn_sn_btn') ON DUPLICATE KEY UPDATE plantilla = 'send_confirmacion_compra_cn_sn_btn';
INSERT INTO starfi_ventas.config_api_wsap_plantillas (id_sede, modulo, plantilla) VALUES (3, 'VENTAS', 'hello_world') ON DUPLICATE KEY UPDATE plantilla = 'hello_world';
INSERT INTO starfi_ventas.config_api_wsap_plantillas (id_sede, modulo, plantilla) VALUES (18, 'VENTAS', 'send_confirmacion_compra_cn_sn_btn') ON DUPLICATE KEY UPDATE plantilla = 'send_confirmacion_compra_cn_sn_btn';
INSERT INTO starfi_ventas.config_api_wsap_plantillas (id_sede, modulo, plantilla) VALUES (18, 'VENTAS', 'hello_world') ON DUPLICATE KEY UPDATE plantilla = 'hello_world';
INSERT INTO starfi_ventas.config_api_wsap_plantillas (id_sede, modulo, plantilla) VALUES (11, 'VENTAS', 'send_confirmacion_compra_cn_sn_btn') ON DUPLICATE KEY UPDATE plantilla = 'send_confirmacion_compra_cn_sn_btn';
INSERT INTO starfi_ventas.config_api_wsap_plantillas (id_sede, modulo, plantilla) VALUES (11, 'VENTAS', 'hello_world') ON DUPLICATE KEY UPDATE plantilla = 'hello_world';
INSERT INTO starfi_ventas.config_api_wsap_plantillas (id_sede, modulo, plantilla) VALUES (23, 'VENTAS', 'send_confirmacion_compra_cn_sn_btn') ON DUPLICATE KEY UPDATE plantilla = 'send_confirmacion_compra_cn_sn_btn';
INSERT INTO starfi_ventas.config_api_wsap_plantillas (id_sede, modulo, plantilla) VALUES (23, 'VENTAS', 'hello_world') ON DUPLICATE KEY UPDATE plantilla = 'hello_world';

-- ==========================================================
-- 4. CONFIGURACIÓN WHATSAPP EN 'starfi_crm.lineas_whatsapp'
-- ==========================================================

TRUNCATE TABLE starfi_crm.lineas_whatsapp;

INSERT INTO starfi_crm.lineas_whatsapp (id_sede, descripcion, numero_telefono, meta_app_id, meta_telefono_id, meta_token, id_negocio, webhook_verify_token, estado_conexion, limite_solicitudes, observaciones, estado) VALUES (3, 'API WSAP SUPERFORMICA', '04242787672', '1111084364465615', '816293698235653', 'EAAqFHnS2hXABPnKjSTqkfhZCGCMgdE9ouuTAsgWfXHaIXIcLbbmZBZB3bmFMRYMCUqN9GJEbKrV7XdaAeZCZAQyeI3fXLxppVKdft2GLlw33lTLjSprI1I1JPbZB9L96KomlxV3w0DhUfjMVofDugw6oZC5PAfHMT00k7hC3tfe7Xy5lMtLtjZAgdyCOfJJiX5dLDgZDZD', '1111084364465615', 'starfi_verify_token', 'CONECTADO', 1000, 'Migrado de api_sede', 'ACTIVO');
INSERT INTO starfi_crm.lineas_whatsapp (id_sede, descripcion, numero_telefono, meta_app_id, meta_telefono_id, meta_token, id_negocio, webhook_verify_token, estado_conexion, limite_solicitudes, observaciones, estado) VALUES (8, 'API WSAP LAS MINAS', '4143903988', '1111084364465615', '837079339490290', 'EAAqFHnS2hXABPnKjSTqkfhZCGCMgdE9ouuTAsgWfXHaIXIcLbbmZBZB3bmFMRYMCUqN9GJEbKrV7XdaAeZCZAQyeI3fXLxppVKdft2GLlw33lTLjSprI1I1JPbZB9L96KomlxV3w0DhUfjMVofDugw6oZC5PAfHMT00k7hC3tfe7Xy5lMtLtjZAgdyCOfJJiX5dLDgZDZD', '4227517697537460', 'starfi_verify_token', 'CONECTADO', 1000, 'Migrado de api_sede', 'ACTIVO');
INSERT INTO starfi_crm.lineas_whatsapp (id_sede, descripcion, numero_telefono, meta_app_id, meta_telefono_id, meta_token, id_negocio, webhook_verify_token, estado_conexion, limite_solicitudes, observaciones, estado) VALUES (18, 'API WSAP ALTAMIRA', '4142985336', '1111084364465615', '843534302184100', 'EAAqFHnS2hXABPnKjSTqkfhZCGCMgdE9ouuTAsgWfXHaIXIcLbbmZBZB3bmFMRYMCUqN9GJEbKrV7XdaAeZCZAQyeI3fXLxppVKdft2GLlw33lTLjSprI1I1JPbZB9L96KomlxV3w0DhUfjMVofDugw6oZC5PAfHMT00k7hC3tfe7Xy5lMtLtjZAgdyCOfJJiX5dLDgZDZD', '1919940428906137', 'starfi_verify_token', 'CONECTADO', 1000, 'Migrado de api_sede', 'ACTIVO');
INSERT INTO starfi_crm.lineas_whatsapp (id_sede, descripcion, numero_telefono, meta_app_id, meta_telefono_id, meta_token, id_negocio, webhook_verify_token, estado_conexion, limite_solicitudes, observaciones, estado) VALUES (21, 'API WSAP PARQUE CENTRAL', '4142985369', '1111084364465615', '808824092325375', 'EAAqFHnS2hXABPnKjSTqkfhZCGCMgdE9ouuTAsgWfXHaIXIcLbbmZBZB3bmFMRYMCUqN9GJEbKrV7XdaAeZCZAQyeI3fXLxppVKdft2GLlw33lTLjSprI1I1JPbZB9L96KomlxV3w0DhUfjMVofDugw6oZC5PAfHMT00k7hC3tfe7Xy5lMtLtjZAgdyCOfJJiX5dLDgZDZD', '4263245470584890', 'starfi_verify_token', 'CONECTADO', 1000, 'Migrado de api_sede', 'ACTIVO');
INSERT INTO starfi_crm.lineas_whatsapp (id_sede, descripcion, numero_telefono, meta_app_id, meta_telefono_id, meta_token, id_negocio, webhook_verify_token, estado_conexion, limite_solicitudes, observaciones, estado) VALUES (17, 'MADETEK', '4143903538', '1111084364465615', '920144651184991', 'EAAqFHnS2hXABPnKjSTqkfhZCGCMgdE9ouuTAsgWfXHaIXIcLbbmZBZB3bmFMRYMCUqN9GJEbKrV7XdaAeZCZAQyeI3fXLxppVKdft2GLlw33lTLjSprI1I1JPbZB9L96KomlxV3w0DhUfjMVofDugw6oZC5PAfHMT00k7hC3tfe7Xy5lMtLtjZAgdyCOfJJiX5dLDgZDZD', '619038364634793', 'starfi_verify_token', 'CONECTADO', 1000, 'Migrado de api_sede', 'ACTIVO');
INSERT INTO starfi_crm.lineas_whatsapp (id_sede, descripcion, numero_telefono, meta_app_id, meta_telefono_id, meta_token, id_negocio, webhook_verify_token, estado_conexion, limite_solicitudes, observaciones, estado) VALUES (19, 'CE LA GUAIRA', '4143903556', '1111084364465615', '999687373219204', 'EAAqFHnS2hXABPnKjSTqkfhZCGCMgdE9ouuTAsgWfXHaIXIcLbbmZBZB3bmFMRYMCUqN9GJEbKrV7XdaAeZCZAQyeI3fXLxppVKdft2GLlw33lTLjSprI1I1JPbZB9L96KomlxV3w0DhUfjMVofDugw6oZC5PAfHMT00k7hC3tfe7Xy5lMtLtjZAgdyCOfJJiX5dLDgZDZD', '1544330996790426', 'starfi_verify_token', 'CONECTADO', 1000, 'Migrado de api_sede', 'ACTIVO');
INSERT INTO starfi_crm.lineas_whatsapp (id_sede, descripcion, numero_telefono, meta_app_id, meta_telefono_id, meta_token, id_negocio, webhook_verify_token, estado_conexion, limite_solicitudes, observaciones, estado) VALUES (4, 'CE LOS TEQUES', '4143903985', '1111084364465615', '884082281462527', 'EAAqFHnS2hXABPnKjSTqkfhZCGCMgdE9ouuTAsgWfXHaIXIcLbbmZBZB3bmFMRYMCUqN9GJEbKrV7XdaAeZCZAQyeI3fXLxppVKdft2GLlw33lTLjSprI1I1JPbZB9L96KomlxV3w0DhUfjMVofDugw6oZC5PAfHMT00k7hC3tfe7Xy5lMtLtjZAgdyCOfJJiX5dLDgZDZD', '745734851933829', 'starfi_verify_token', 'CONECTADO', 1000, 'Migrado de api_sede', 'ACTIVO');
INSERT INTO starfi_crm.lineas_whatsapp (id_sede, descripcion, numero_telefono, meta_app_id, meta_telefono_id, meta_token, id_negocio, webhook_verify_token, estado_conexion, limite_solicitudes, observaciones, estado) VALUES (7, 'CE MARICHE', '4143903379', '1111084364465615', '867768779763540', 'EAAqFHnS2hXABPnKjSTqkfhZCGCMgdE9ouuTAsgWfXHaIXIcLbbmZBZB3bmFMRYMCUqN9GJEbKrV7XdaAeZCZAQyeI3fXLxppVKdft2GLlw33lTLjSprI1I1JPbZB9L96KomlxV3w0DhUfjMVofDugw6oZC5PAfHMT00k7hC3tfe7Xy5lMtLtjZAgdyCOfJJiX5dLDgZDZD', '4521354204758474', 'starfi_verify_token', 'CONECTADO', 1000, 'Migrado de api_sede', 'ACTIVO');
INSERT INTO starfi_crm.lineas_whatsapp (id_sede, descripcion, numero_telefono, meta_app_id, meta_telefono_id, meta_token, id_negocio, webhook_verify_token, estado_conexion, limite_solicitudes, observaciones, estado) VALUES (9, 'CE SAN PEDRO', '4143903510', '1111084364465615', '951396474724496', 'EAAqFHnS2hXABPnKjSTqkfhZCGCMgdE9ouuTAsgWfXHaIXIcLbbmZBZB3bmFMRYMCUqN9GJEbKrV7XdaAeZCZAQyeI3fXLxppVKdft2GLlw33lTLjSprI1I1JPbZB9L96KomlxV3w0DhUfjMVofDugw6oZC5PAfHMT00k7hC3tfe7Xy5lMtLtjZAgdyCOfJJiX5dLDgZDZD', '2037393563500886', 'starfi_verify_token', 'CONECTADO', 1000, 'Migrado de api_sede', 'ACTIVO');
INSERT INTO starfi_crm.lineas_whatsapp (id_sede, descripcion, numero_telefono, meta_app_id, meta_telefono_id, meta_token, id_negocio, webhook_verify_token, estado_conexion, limite_solicitudes, observaciones, estado) VALUES (5, 'C.E SAN ANTONIO', '4143903507', '1111084364465615', '986191801238565', 'EAAqFHnS2hXABPnKjSTqkfhZCGCMgdE9ouuTAsgWfXHaIXIcLbbmZBZB3bmFMRYMCUqN9GJEbKrV7XdaAeZCZAQyeI3fXLxppVKdft2GLlw33lTLjSprI1I1JPbZB9L96KomlxV3w0DhUfjMVofDugw6oZC5PAfHMT00k7hC3tfe7Xy5lMtLtjZAgdyCOfJJiX5dLDgZDZD', '1915188622411967', 'starfi_verify_token', 'CONECTADO', 1000, 'Migrado de api_sede', 'ACTIVO');
INSERT INTO starfi_crm.lineas_whatsapp (id_sede, descripcion, numero_telefono, meta_app_id, meta_telefono_id, meta_token, id_negocio, webhook_verify_token, estado_conexion, limite_solicitudes, observaciones, estado) VALUES (20, 'MAYOR CARPINTERO', '4142985463', '1111084364465615', '1062739393584025', 'EAAqFHnS2hXABPnKjSTqkfhZCGCMgdE9ouuTAsgWfXHaIXIcLbbmZBZB3bmFMRYMCUqN9GJEbKrV7XdaAeZCZAQyeI3fXLxppVKdft2GLlw33lTLjSprI1I1JPbZB9L96KomlxV3w0DhUfjMVofDugw6oZC5PAfHMT00k7hC3tfe7Xy5lMtLtjZAgdyCOfJJiX5dLDgZDZD', '893266406397647', 'starfi_verify_token', 'CONECTADO', 1000, 'Migrado de api_sede', 'ACTIVO');
INSERT INTO starfi_crm.lineas_whatsapp (id_sede, descripcion, numero_telefono, meta_app_id, meta_telefono_id, meta_token, id_negocio, webhook_verify_token, estado_conexion, limite_solicitudes, observaciones, estado) VALUES (13, 'C.E PRADO DE MARIA', ' 4143309738', '1111084364465615', '923561817511226', 'EAAqFHnS2hXABPnKjSTqkfhZCGCMgdE9ouuTAsgWfXHaIXIcLbbmZBZB3bmFMRYMCUqN9GJEbKrV7XdaAeZCZAQyeI3fXLxppVKdft2GLlw33lTLjSprI1I1JPbZB9L96KomlxV3w0DhUfjMVofDugw6oZC5PAfHMT00k7hC3tfe7Xy5lMtLtjZAgdyCOfJJiX5dLDgZDZD', '737987932700941', 'starfi_verify_token', 'CONECTADO', 1000, 'Migrado de api_sede', 'ACTIVO');
INSERT INTO starfi_crm.lineas_whatsapp (id_sede, descripcion, numero_telefono, meta_app_id, meta_telefono_id, meta_token, id_negocio, webhook_verify_token, estado_conexion, limite_solicitudes, observaciones, estado) VALUES (23, 'MADEPEG', '4143309792', '1111084364465615', '959982573863031', 'EAAqFHnS2hXABPnKjSTqkfhZCGCMgdE9ouuTAsgWfXHaIXIcLbbmZBZB3bmFMRYMCUqN9GJEbKrV7XdaAeZCZAQyeI3fXLxppVKdft2GLlw33lTLjSprI1I1JPbZB9L96KomlxV3w0DhUfjMVofDugw6oZC5PAfHMT00k7hC3tfe7Xy5lMtLtjZAgdyCOfJJiX5dLDgZDZD', '1572049427460881', 'starfi_verify_token', 'CONECTADO', 1000, 'Migrado de api_sede', 'ACTIVO');
